Reactions,Reaction_partners,CMPD_SMILES,BiGG Name,DB Name,Cleaned Substrate,Single_gene,GPR_rules,SEQ,kcat_x,Unnamed: 0,kcat_y,pred_value_0,pred_value_1,pred_value_2,pred_value_3,pred_value_4,kcat_mean,kcat_std,kcat_cv,kcat_min,kcat_max
HCO3E,co2_c,O=C=O,CO2 CO2,CO2,co2,b0126,b0126 or b0339,MKDIDTLISNNALWSKMLVEEDPGFFEKLAQAQKPRFLWIGCSDSRVPAERLTGLEPGELFVHRNVANLVIHTDLNCLSVVQYAVDVLEVEHIIICGHYGCGGVQAAVENPELGLINNWLLHIRDIWFKHSSLLGEMPQERRLDTLCELNVMEQVYNLGHSTIMQSAWKRGQKVTIHGWAYGIHDGLLRDLDVTATNRETLEQRYRHGISNLKLKHANHK,0.4415111144312799,103.0,0.6213279100979558,247477.38262413332,1204386.7062472862,42575.51108442459,1812750.1722204091,1092.090678461252,661656.3725709429,807886.6984250111,122.10064497465251,1092.090678461252,1812750.1722204091
HCO3E_reverse,hco3_c,O=C([O-])O,Bicarbonate,hydrogencarbonate,hco3,b0126,b0126 or b0339,MKDIDTLISNNALWSKMLVEEDPGFFEKLAQAQKPRFLWIGCSDSRVPAERLTGLEPGELFVHRNVANLVIHTDLNCLSVVQYAVDVLEVEHIIICGHYGCGGVQAAVENPELGLINNWLLHIRDIWFKHSSLLGEMPQERRLDTLCELNVMEQVYNLGHSTIMQSAWKRGQKVTIHGWAYGIHDGLLRDLDVTATNRETLEQRYRHGISNLKLKHANHK,0.4040827948554011,10107.0,0.5380772701371478,196883.551598726,775883.2094114703,39275.20771088743,1685057.3103260892,624.108386136376,539544.6774866619,711719.1621438977,131.9110709161786,624.108386136376,1685057.3103260892
HCO3E_reverse,h_c,[H+],H+,H(+),h,b0126,b0126 or b0339,MKDIDTLISNNALWSKMLVEEDPGFFEKLAQAQKPRFLWIGCSDSRVPAERLTGLEPGELFVHRNVANLVIHTDLNCLSVVQYAVDVLEVEHIIICGHYGCGGVQAAVENPELGLINNWLLHIRDIWFKHSSLLGEMPQERRLDTLCELNVMEQVYNLGHSTIMQSAWKRGQKVTIHGWAYGIHDGLLRDLDVTATNRETLEQRYRHGISNLKLKHANHK,0.16434382612239473,10105.0,0.5293600578470771,89085.65357505862,272482.20639238734,17132.186996435572,868156.583981506,394.524897733698,249450.23116862425,362300.0272959457,145.23940330648034,394.524897733698,868156.583981506
HCO3E,h2o_c,O,H2O H2O,,h2o,b0126,b0126 or b0339,MKDIDTLISNNALWSKMLVEEDPGFFEKLAQAQKPRFLWIGCSDSRVPAERLTGLEPGELFVHRNVANLVIHTDLNCLSVVQYAVDVLEVEHIIICGHYGCGGVQAAVENPELGLINNWLLHIRDIWFKHSSLLGEMPQERRLDTLCELNVMEQVYNLGHSTIMQSAWKRGQKVTIHGWAYGIHDGLLRDLDVTATNRETLEQRYRHGISNLKLKHANHK,0.9060318954527472,105.0,0.4574343166370536,101831.4126549668,310445.3771630746,14819.584572931244,788950.4212005389,360.4548706197184,243281.45009242627,329195.6736262633,135.31474491836386,360.4548706197184,788950.4212005389
TKT1_reverse,s7p_c,O=C(CO)[C@@H](O)[C@H](O)[C@H](O)[C@H](O)COP(=O)([O-])[O-],Sedoheptulose 7-phosphate,Sedoheptulose7-phosphate,s7p,b2935,b2935 or b2465,MSSRKELANAIRALSMDAVQKAKSGHPGAPMGMADIAEVLWRDFLKHNPQNPSWADRDRFVLSNGHGSMLIYSLLHLTGYDLPMEELKNFRQLHSKTPGHPEVGYTAGVETTTGPLGQGIANAVGMAIAEKTLAAQFNRPGHDIVDHYTYAFMGDGCMMEGISHEVCSLAGTLKLGKLIAFYDDNGISIDGHVEGWFTDDTAMRFEAYGWHVIRDIDGHDAASIKRAVEEARAVTDKPSLLMCKTIIGFGSPNKAGTHDSHGAPLGDAEIALTREQLGWKYAPFEIPSEIYAQWDAKEAGQAKESAWNEKFAAYAKAYPQEAAEFTRRMKGEMPSDFDAKAKEFIAKLQANPAKIASRKASQNAIEAFGPLLPEFLGGSADLAPSNLTLWSGSKAINEDAAGNYIHYGVREFGMTAIANGISLHGGFLPYTSTFLMFVEYARNAVRMAALMKQRQVMVYTHDSIGLGEDGPTHQPVEQVASLRVTPNMSTWRPCDQVESAVAWKYGVERQDGPTALILSRQNLAQQERTEEQLANIARGGYVLKDCAGQPELIFIATGSEVELAVAAYEKLTAEGVKARVVSMPSTDAFDKQDAAYRESVLPKAVTARVAVEAGIADYWYKYVGLNGAIVGMTTFGESAPAELLFEEFGFTVDNVVAKAKELL,0.028944352543047946,10166.0,0.0717488585809998,27535.77502171233,9523.62810593708,4833.455911215651,10873.100151380708,13596.848498090449,13272.561537667241,8581.591366383878,64.65663272330295,4833.455911215651,27535.77502171233
TKT1,xu5p__D_c,O=C(CO)[C@@H](O)[C@H](O)COP(=O)([O-])[O-],D-Xylulose 5-phosphate,D-xylulose 5-phosphate,xu5p  D,b2935,b2935 or b2465,MSSRKELANAIRALSMDAVQKAKSGHPGAPMGMADIAEVLWRDFLKHNPQNPSWADRDRFVLSNGHGSMLIYSLLHLTGYDLPMEELKNFRQLHSKTPGHPEVGYTAGVETTTGPLGQGIANAVGMAIAEKTLAAQFNRPGHDIVDHYTYAFMGDGCMMEGISHEVCSLAGTLKLGKLIAFYDDNGISIDGHVEGWFTDDTAMRFEAYGWHVIRDIDGHDAASIKRAVEEARAVTDKPSLLMCKTIIGFGSPNKAGTHDSHGAPLGDAEIALTREQLGWKYAPFEIPSEIYAQWDAKEAGQAKESAWNEKFAAYAKAYPQEAAEFTRRMKGEMPSDFDAKAKEFIAKLQANPAKIASRKASQNAIEAFGPLLPEFLGGSADLAPSNLTLWSGSKAINEDAAGNYIHYGVREFGMTAIANGISLHGGFLPYTSTFLMFVEYARNAVRMAALMKQRQVMVYTHDSIGLGEDGPTHQPVEQVASLRVTPNMSTWRPCDQVESAVAWKYGVERQDGPTALILSRQNLAQQERTEEQLANIARGGYVLKDCAGQPELIFIATGSEVELAVAAYEKLTAEGVKARVVSMPSTDAFDKQDAAYRESVLPKAVTARVAVEAGIADYWYKYVGLNGAIVGMTTFGESAPAELLFEEFGFTVDNVVAKAKELL,0.9224032262211969,274.0,0.5763785877353088,27474.39590574376,6360.690890529817,3437.4933555077887,7364.620193562426,10123.96575186168,10952.233219441096,9540.603102460676,87.11102942480568,3437.4933555077887,27474.39590574376
TKT1,xu5p__D_c,O=C(CO)[C@@H](O)[C@H](O)COP(=O)([O-])[O-],D-Xylulose 5-phosphate,D-xylulose 5-phosphate,xu5p  D,b2935,b2935 or b2465,MSSRKELANAIRALSMDAVQKAKSGHPGAPMGMADIAEVLWRDFLKHNPQNPSWADRDRFVLSNGHGSMLIYSLLHLTGYDLPMEELKNFRQLHSKTPGHPEVGYTAGVETTTGPLGQGIANAVGMAIAEKTLAAQFNRPGHDIVDHYTYAFMGDGCMMEGISHEVCSLAGTLKLGKLIAFYDDNGISIDGHVEGWFTDDTAMRFEAYGWHVIRDIDGHDAASIKRAVEEARAVTDKPSLLMCKTIIGFGSPNKAGTHDSHGAPLGDAEIALTREQLGWKYAPFEIPSEIYAQWDAKEAGQAKESAWNEKFAAYAKAYPQEAAEFTRRMKGEMPSDFDAKAKEFIAKLQANPAKIASRKASQNAIEAFGPLLPEFLGGSADLAPSNLTLWSGSKAINEDAAGNYIHYGVREFGMTAIANGISLHGGFLPYTSTFLMFVEYARNAVRMAALMKQRQVMVYTHDSIGLGEDGPTHQPVEQVASLRVTPNMSTWRPCDQVESAVAWKYGVERQDGPTALILSRQNLAQQERTEEQLANIARGGYVLKDCAGQPELIFIATGSEVELAVAAYEKLTAEGVKARVVSMPSTDAFDKQDAAYRESVLPKAVTARVAVEAGIADYWYKYVGLNGAIVGMTTFGESAPAELLFEEFGFTVDNVVAKAKELL,0.9224032262211969,2473.0,0.3731179430954559,27474.39590574376,6360.690890529817,3437.4933555077887,7364.620193562426,10123.96575186168,10952.233219441096,9540.603102460676,87.11102942480568,3437.4933555077887,27474.39590574376
TKT2,xu5p__D_c,O=C(CO)[C@@H](O)[C@H](O)COP(=O)([O-])[O-],D-Xylulose 5-phosphate,D-xylulose 5-phosphate,xu5p  D,b2935,b2935 or b2465,MSSRKELANAIRALSMDAVQKAKSGHPGAPMGMADIAEVLWRDFLKHNPQNPSWADRDRFVLSNGHGSMLIYSLLHLTGYDLPMEELKNFRQLHSKTPGHPEVGYTAGVETTTGPLGQGIANAVGMAIAEKTLAAQFNRPGHDIVDHYTYAFMGDGCMMEGISHEVCSLAGTLKLGKLIAFYDDNGISIDGHVEGWFTDDTAMRFEAYGWHVIRDIDGHDAASIKRAVEEARAVTDKPSLLMCKTIIGFGSPNKAGTHDSHGAPLGDAEIALTREQLGWKYAPFEIPSEIYAQWDAKEAGQAKESAWNEKFAAYAKAYPQEAAEFTRRMKGEMPSDFDAKAKEFIAKLQANPAKIASRKASQNAIEAFGPLLPEFLGGSADLAPSNLTLWSGSKAINEDAAGNYIHYGVREFGMTAIANGISLHGGFLPYTSTFLMFVEYARNAVRMAALMKQRQVMVYTHDSIGLGEDGPTHQPVEQVASLRVTPNMSTWRPCDQVESAVAWKYGVERQDGPTALILSRQNLAQQERTEEQLANIARGGYVLKDCAGQPELIFIATGSEVELAVAAYEKLTAEGVKARVVSMPSTDAFDKQDAAYRESVLPKAVTARVAVEAGIADYWYKYVGLNGAIVGMTTFGESAPAELLFEEFGFTVDNVVAKAKELL,0.5228665301136043,2473.0,0.3731179430954559,27474.39590574376,6360.690890529817,3437.4933555077887,7364.620193562426,10123.96575186168,10952.233219441096,9540.603102460676,87.11102942480568,3437.4933555077887,27474.39590574376
TKT2,xu5p__D_c,O=C(CO)[C@@H](O)[C@H](O)COP(=O)([O-])[O-],D-Xylulose 5-phosphate,D-xylulose 5-phosphate,xu5p  D,b2935,b2935 or b2465,MSSRKELANAIRALSMDAVQKAKSGHPGAPMGMADIAEVLWRDFLKHNPQNPSWADRDRFVLSNGHGSMLIYSLLHLTGYDLPMEELKNFRQLHSKTPGHPEVGYTAGVETTTGPLGQGIANAVGMAIAEKTLAAQFNRPGHDIVDHYTYAFMGDGCMMEGISHEVCSLAGTLKLGKLIAFYDDNGISIDGHVEGWFTDDTAMRFEAYGWHVIRDIDGHDAASIKRAVEEARAVTDKPSLLMCKTIIGFGSPNKAGTHDSHGAPLGDAEIALTREQLGWKYAPFEIPSEIYAQWDAKEAGQAKESAWNEKFAAYAKAYPQEAAEFTRRMKGEMPSDFDAKAKEFIAKLQANPAKIASRKASQNAIEAFGPLLPEFLGGSADLAPSNLTLWSGSKAINEDAAGNYIHYGVREFGMTAIANGISLHGGFLPYTSTFLMFVEYARNAVRMAALMKQRQVMVYTHDSIGLGEDGPTHQPVEQVASLRVTPNMSTWRPCDQVESAVAWKYGVERQDGPTALILSRQNLAQQERTEEQLANIARGGYVLKDCAGQPELIFIATGSEVELAVAAYEKLTAEGVKARVVSMPSTDAFDKQDAAYRESVLPKAVTARVAVEAGIADYWYKYVGLNGAIVGMTTFGESAPAELLFEEFGFTVDNVVAKAKELL,0.5228665301136043,274.0,0.5763785877353088,27474.39590574376,6360.690890529817,3437.4933555077887,7364.620193562426,10123.96575186168,10952.233219441096,9540.603102460676,87.11102942480568,3437.4933555077887,27474.39590574376
GALM2pp,gal_bD_p,OC[C@H]1O[C@@H](O)[C@H](O)[C@@H](O)[C@H]1O,Beta D-Galactose,beta-D-galactose,gal bD,b0756,b0756,MLNETPALAPDGQPYRLLTLRNNAGMVVTLMDWGATLLSARIPLSDGSVREALLGCASPECYQDQAAFLGASIGRYANRIANSRYTFDGETVTLSPSQGVNQLHGGPEGFDKRRWQIVNQNDRQVLFALSSDDGDQGFPGNLGATVQYRLTDDNRISITYRATVDKPCPVNMTNHVYFNLDGEQSDVRNHKLQILADEYLPVDEGGIPHDGLKSVAGTSFDFRSAKIIASEFLADDDQRKVKGYDHAFLLQAKGDGKKVAAHVWSADEKLQLKVYTTAPALQFYSGNFLGGTPSRGTEPYADWQGLALESEFLPDSPNHPEWPQPDCFLRPGEEYSSLTEYQFIAE,0.38152671694844487,3547.0,0.1779780724094007,12898.664949039554,31.65902890679204,7975.7028423931215,30275.13167103539,3552.1687381554443,10946.66544590606,11832.608272394351,108.09326667437,31.65902890679204,30275.13167103539
